{
    "regex": null,
    "embedding": null,
    "scoring": {
        "train_scores": [
            [
                0.9582158625125885,
                0.0,
                0.9528130292892456,
                0.9573521912097931
            ],
            [
                0.9738716781139374,
                0.0,
                0.0,
                0.9536334276199341
            ],
            [
                0.9603708386421204,
                0.0,
                0.9570208191871643,
                0.9635426104068756
            ],
            [
                0.9639078974723816,
                0.0,
                0.9964134991168976,
                0.9742636680603027
            ],
            [
                0.9749161303043365,
                0.0,
                0.0,
                0.952936977148056
            ],
            [
                0.9567508101463318,
                0.9905205070972443,
                0.0,
                0.0
            ],
            [
                0.0,
                0.9801802337169647,
                0.9689123332500458,
                0.9519045352935791
            ],
            [
                0.96635502576828,
                0.0,
                0.9676973819732666,
                0.969139575958252
            ],
            [
                0.9745831489562988,
                0.9611331522464752,
                0.0,
                0.958209365606308
            ]
        ],
        "validation_scores": [
            [
                1.0,
                0.0,
                0.9376420676708221,
                0.0
            ],
            [
                1.0,
                0.0,
                0.0,
                0.9605266153812408
            ],
            [
                0.9567507803440094,
                0.9905204474925995,
                0.0,
                0.0
            ],
            [
                0.9657485783100128,
                0.0,
                1.0000000596046448,
                0.9722922444343567
            ],
            [
                0.96635502576828,
                0.0,
                0.9676973521709442,
                0.9691395163536072
            ]
        ],
        "test_scores": null,
        "folded_scores": null
    },
    "decision": {
        "labels": [
            0,
            0,
            1,
            2,
            3
        ]
    }
}