{
    "regex": null,
    "embedding": null,
    "scoring": {
        "train_scores": [
            [
                0.9937661290168762,
                0.0,
                0.9558425545692444
            ],
            [
                0.9611864686012268,
                0.0,
                0.9520538449287415
            ],
            [
                0.9479337334632874,
                0.974963515996933,
                0.938003808259964
            ],
            [
                0.9805710911750793,
                0.0,
                0.9629468321800232
            ],
            [
                0.952567994594574,
                0.0,
                0.9577913284301758
            ],
            [
                0.9659834504127502,
                0.0,
                0.954168826341629
            ],
            [
                0.9721837639808655,
                0.0,
                0.9515022933483124
            ],
            [
                0.9561237096786499,
                0.9590215086936951,
                0.0
            ],
            [
                0.9627723097801208,
                0.0,
                0.9412462115287781
            ],
            [
                0.947300136089325,
                0.0,
                0.9622431695461273
            ]
        ],
        "validation_scores": [
            [
                0.9637733101844788,
                0.0,
                0.9609741568565369
            ],
            [
                0.9516568183898926,
                0.9509621262550354,
                0.9432342350482941
            ],
            [
                0.9441442787647247,
                0.9834219515323639,
                0.9369761943817139
            ],
            [
                0.9561609327793121,
                0.9444458782672882,
                0.0
            ],
            [
                0.9492730796337128,
                0.0,
                0.9836757183074951
            ],
            [
                0.9543727934360504,
                0.0,
                0.9559185802936554
            ]
        ],
        "test_scores": null,
        "folded_scores": null
    },
    "decision": {
        "labels": [
            0,
            0,
            1,
            0,
            2,
            2
        ]
    }
}