{
    "regex": null,
    "embedding": null,
    "scoring": {
        "train_scores": [
            [
                0.24084072513647137,
                0.24218139713240058,
                0.17393580380304638,
                0.13127704975775717,
                0.21176502417032442
            ],
            [
                0.08171988222407099,
                0.8220722706023772,
                0.03240642193709866,
                0.031739663233471146,
                0.03206176200298189
            ],
            [
                0.1383353584456688,
                0.1491707595031485,
                0.21166783882898227,
                0.39457734503157244,
                0.10624869819062786
            ],
            [
                0.14605464108043859,
                0.31249835050881425,
                0.3732063385938668,
                0.07289015871785232,
                0.09535051109902812
            ],
            [
                0.34644442478578813,
                0.27767610840788826,
                0.15577569879639272,
                0.06737574242289658,
                0.15272802558703433
            ],
            [
                0.11325573594634936,
                0.09543312002954554,
                0.6125551534123957,
                0.1414087446136238,
                0.03734724599808553
            ],
            [
                0.35541979357692416,
                0.06605631591901624,
                0.36133860497467724,
                0.0620902286693697,
                0.1550950568600125
            ],
            [
                0.3837305960642284,
                0.05425991086789275,
                0.29318460529706747,
                0.062489953210811834,
                0.20633493455999952
            ],
            [
                0.17702715409851208,
                0.08031002243900677,
                0.09814457227560922,
                0.4238752987874334,
                0.22064295239943865
            ],
            [
                0.11171397038382733,
                0.1496083168885698,
                0.40153963486217065,
                0.12256821499765375,
                0.21456986286777843
            ],
            [
                0.12077641647590284,
                0.08188194450740413,
                0.18381305435328188,
                0.1705323287984866,
                0.4429962558649246
            ]
        ],
        "validation_scores": [
            [
                0.8519429691957561,
                0.03784311311262239,
                0.06210789427501843,
                0.021272953563235594,
                0.026833069853367454
            ],
            [
                0.04792070384229838,
                0.031827903113186146,
                0.8233428634812935,
                0.058219802466147885,
                0.0386887270970742
            ],
            [
                0.039109317335939135,
                0.02144425065743298,
                0.034951239629704554,
                0.8775789239835515,
                0.026916268393371717
            ],
            [
                0.1383353584456688,
                0.1491707595031485,
                0.21166783882898227,
                0.39457734503157244,
                0.10624869819062786
            ],
            [
                0.055066980160442515,
                0.8860597604268706,
                0.015828277140464805,
                0.020954572393421394,
                0.0220904098788005
            ]
        ],
        "test_scores": null,
        "folded_scores": null
    },
    "decision": {
        "labels": [
            0,
            2,
            3,
            3,
            1
        ]
    }
}